vehicle_id,date,total_km,avg_speed,idle_time_h,fuel_l,maint_flag,km_per_litre,cluster
1,2024-01-01,-1.3478963583838595,-0.9732637438915858,-0.5847455556774265,-1.336491363223226,0,0.20790691930458335,2
1,2024-01-02,0.19537885319489018,-0.5472010136568933,-0.11592623261243433,-0.2652154801650335,0,0.21144813612838043,0
1,2024-01-03,1.0905069334303163,1.7952753379803539,0.3528930904525578,0.3941849832490499,0,0.2104018439606675,1
1,2024-01-04,1.2555082634316228,2.2270702085145224,0.3528930904525578,0.516193091649243,0,0.21022298679667697,1
1,2024-01-05,0.15636818521045975,-0.6492887139903087,1.7593510596475341,-0.18893371607685056,0,0.2044704127587556,0
1,2024-01-06,0.7247458276995333,0.838108693964774,-0.11592623261243433,0.13592067308725658,0,0.2101050145539387,1
1,2024-01-07,0.09663851159022746,-0.805596343072404,0.3528930904525578,-0.2751012708327843,0,0.20726229949890426,0
1,2024-01-08,0.2188783149500183,-0.4857048605889295,0.8217124135175499,-0.1977603640733885,0,0.20804860706470002,0
1,2024-01-09,0.17456405513736692,-0.6016716232718065,0.3528930904525578,-0.25272981109249554,0,0.20957647891625755,0
1,2024-01-10,0.439691208911174,0.0921442692300696,-1.0535648787424186,-0.10893935755786546,0,0.21266571825195874,0
1,2024-01-11,-2.939152793544956,-2.6281406477953646,-0.5847455556774265,-2.440490856344432,0,0.19535931655617644,2
2,2024-01-01,-0.8851590835645821,0.8431541753185927,-1.0535648787424186,-1.20540784289064,0,0.22789344663127967,2
2,2024-01-02,1.0456028911268225,1.6777651631669521,-0.11592623261243433,0.13818275879333344,0,0.22390656059469627,1
2,2024-01-03,0.32469976250131516,-0.2087788609937209,2.228170382712526,-0.22863318936874139,0,0.21524600352642734,0
2,2024-01-04,0.6760576237524216,0.7106956802653258,-1.5223842018074107,-0.2091024092705983,0,0.23085836048036334,1
2,2024-01-05,0.9643995420539085,1.465262696674088,0.3528930904525578,0.07549916665943822,0,0.22441549284832554,1
2,2024-01-06,-0.07497469459170404,-1.2546939481928823,-0.5847455556774265,-0.6676857818324673,0,0.22793511361888752,0
2,2024-01-07,0.220317581558432,-0.4819384185921328,-1.0535648787424186,-0.48726447014532276,0,0.22918714309093374,0
2,2024-01-08,-0.008687280748262598,-1.08122525385965,1.290531736582542,-0.4856600272199433,0,0.21694178411369758,0
2,2024-01-09,0.07710288475784109,-0.8567194671031448,-1.5223842018074107,-0.6183819410772183,0,0.23225434527749356,0
2,2024-01-10,0.269435753603479,-0.35340021384615933,1.7593510596475341,-0.2940834691600778,0,0.21712013731518123,0
2,2024-01-11,-2.7953630425138134,-1.499282893797731,-0.11592623261243433,-2.350276270227726,0,0.19951757040381718,2
3,2024-01-01,-1.183372385576965,-0.32744524469502645,-1.0535648787424186,-1.3120656791898502,0,0.21765174564688966,2
3,2024-01-02,1.0933055066004143,1.8025989731271326,-0.11592623261243433,0.263883646503651,0,0.2181118623869224,1
3,2024-01-03,0.7434935054461383,0.8871698202317435,-0.11592623261243433,0.014806891071752447,0,0.21851881389049715,1
3,2024-01-04,0.17028533311549698,-0.6128686858741,0.8217124135175499,-0.3254485727774898,0,0.2144060483250983,0
3,2024-01-05,-0.20239006575008936,-1.5881294647003108,-0.5847455556774265,-0.654031023283514,0,0.21961615277537616,0
3,2024-01-06,0.2916832239656606,-0.2951804189834456,0.3528930904525578,-0.24940003913638456,0,0.2150754024265837,0
3,2024-01-07,0.2588580332697772,-0.3810812354597504,0.3528930904525578,-0.3171933910929486,0,0.21824771736663998,0
3,2024-01-08,0.45705568156634374,0.1375856618659572,0.3528930904525578,-0.16918435843173893,0,0.21752480859677922,0
3,2024-01-09,0.37810585468704627,-0.06901952292722648,0.3528930904525578,-0.18725955314272452,0,0.2149863911900571,0
3,2024-01-10,0.43527137259781157,0.08057792216670935,0.3528930904525578,-0.1445763607325101,0,0.21482340519991,0
3,2024-01-11,-2.7625270889552698,-1.2414959477973848,-1.0535648787424186,-2.354088519916737,0,0.20529067845179183,2
4,2024-01-01,-1.4667619985759364,-1.4398561075770109,-2.460022847937395,-1.1458503060506602,0,0.1817237532554785,2
4,2024-01-02,0.9504065833644095,1.4286442779881672,0.8217124135175499,1.1994790682646004,0,0.1684685308065808,1
4,2024-01-03,0.07771797046968738,-0.8551098385303827,-0.11592623261243433,0.3104713799254073,0,0.17329499598361103,0
4,2024-01-04,0.8574369820677541,1.1853504999611355,0.8217124135175499,1.074802610601465,0,0.17003562765841274,1
4,2024-01-05,0.7682346585027282,0.9519153770151447,-0.11592623261243433,0.8701490380603641,0,0.17508509650282283,1
4,2024-01-06,0.08841415971877549,-0.8271187935370927,1.7593510596475341,0.5144699724959478,0,0.1645591079205428,0
4,2024-01-07,-0.10083212834492418,-1.322360719483328,-0.11592623261243433,0.1811479636499087,0,0.1719855370846602,0
4,2024-01-08,0.11315240945669432,-0.7623808344991805,-0.5847455556774265,0.33413191232527234,0,0.1736384359053358,0
4,2024-01-09,0.7855507679266859,0.9972302070641762,0.8217124135175499,1.0619345909468887,0,0.168063472544459,1
4,2024-01-10,0.9502159537120889,1.428145415912066,0.3528930904525578,1.1417284915772732,0,0.1706296059418259,1
4,2024-01-11,-2.9961184608160583,-3.0753640051590323,-0.5847455556774265,-2.2435512547113636,1,0.15267338084423637,2
5,2024-01-01,-1.1554466447481186,-0.2178262042394135,-1.0535648787424186,-0.8169976430867567,0,0.17673154797091883,2
5,2024-01-02,0.6332648665768986,0.598710564483173,-0.11592623261243433,0.6843548063810558,0,0.178085772079669,1
5,2024-01-03,0.7528951562554475,0.9117731649076964,-0.11592623261243433,0.9097172511631426,0,0.1729119996270376,1
5,2024-01-04,0.5631419327604403,0.41520463075213193,-0.11592623261243433,0.6827322004277986,0,0.1755230046223186,1
5,2024-01-05,0.8320999150895894,1.119045485598733,1.7593510596475341,1.107932323838058,0,0.16791006727694358,1
5,2024-01-06,0.5908391474315859,0.48768595695107575,1.290531736582542,0.84296877003899,0,0.16981113131378367,1
5,2024-01-07,0.8837496238962819,1.2542085132369745,-1.0535648787424186,0.8854570687854744,0,0.1785837889922951,1
5,2024-01-08,0.5057546987684665,0.26502697296184197,0.8217124135175499,0.7239648611294488,0,0.17161102060645242,1
5,2024-01-09,0.2628832693084865,-0.3705475247666872,1.7593510596475341,0.549530550361497,0,0.16985716514545268,0
5,2024-01-10,0.1523610094174477,-0.6597751625100754,-0.11592623261243433,0.32492979159276253,0,0.17569018068015296,0
5,2024-01-11,-2.626740050060641,-0.1754655064804586,-0.5847455556774265,-2.0073576474603456,0,0.16749936227592674,2
6,2024-01-01,-1.1872245708594897,-0.3425665214022641,-1.5223842018074107,-0.9097932172832107,0,0.18148674799245051,2
6,2024-01-02,0.06556060172071651,-0.8869246697499641,1.290531736582542,0.28088162620144336,0,0.17420112042124072,0
6,2024-01-03,0.6272888029293329,0.5830716988510953,-0.11592623261243433,0.6532605585075597,0,0.17924390093426734,1
6,2024-01-04,0.40525467119259534,0.0020266905067884435,-0.5847455556774265,0.46529470008763674,0,0.17926427496914674,1
6,2024-01-05,0.2875122466512323,-0.3060955225736422,0.3528930904525578,0.4845420293804915,0,0.1737114125253258,0
6,2024-01-06,0.6625908509572583,0.675454246662609,-0.5847455556774265,0.6385357613485153,0,0.18124712681631466,1
6,2024-01-07,0.8794360272694751,1.2429201866701913,0.3528930904525578,0.9286481635213826,0,0.17662702418072668,1
6,2024-01-08,0.4444710247801915,0.10465265309778018,1.290531736582542,0.6759308572617652,0,0.1713538249706442,1
6,2024-01-09,0.14690770417613963,-0.6740460125125254,0.3528930904525578,0.2784421275837004,0,0.17771531720071052,0
6,2024-01-10,0.5915998597385443,0.4896766783112865,-1.0535648787424186,0.558443828173534,0,0.18221221246701663,1
6,2024-01-11,-2.277937878546106,2.5628940295904816,-1.5223842018074107,-1.7433567656807532,0,0.1728535053907212,2
7,2024-01-01,-0.6763146961348334,1.6629469784854083,-0.11592623261243433,-0.5955843701675022,0,0.18887322289771616,1
7,2024-01-02,0.5249163354583154,0.3151713956380191,0.8217124135175499,0.33550965784356895,0,0.19050186406014802,1
7,2024-01-03,0.5216406908386947,0.30659930385891354,0.3528930904525578,0.3055339734571154,0,0.1919295416988139,1
7,2024-01-04,0.6287139936108981,0.586801305308376,-0.5847455556774265,0.29609805265519773,0,0.19687627487113982,1
7,2024-01-05,1.2031615049779536,2.0900830594460484,0.3528930904525578,0.8036676762661557,0,0.19375334216034257,1
7,2024-01-06,-0.26297482323392946,-1.7466747777221596,0.3528930904525578,-0.28824818322349194,0,0.1903537819215311,0
7,2024-01-07,0.7759122533623796,0.9720070094790191,0.3528930904525578,0.48893357118848974,0,0.19278847387364942,1
7,2024-01-08,0.43139104196858075,0.07042341697778062,1.290531736582542,0.280294515519276,0,0.189498243991537,1
7,2024-01-09,0.2976432910512882,-0.2795834150344884,-1.0535648787424186,0.01655772107195371,0,0.19833714421551035,0
7,2024-01-10,0.09676075073148456,-0.8052764533225873,0.3528930904525578,-0.03999544075948347,0,0.19253255688027693,0
7,2024-01-11,-2.7726049650415474,-1.320614859140086,-1.5223842018074107,-2.2823559992234546,0,0.19002451942190995,2
8,2024-01-01,-0.8947423652633839,0.8055361887205991,-1.9912035248724027,-0.8858728338225106,0,0.19771486115613068,2
8,2024-01-02,0.5452071979872141,0.36827090919116934,0.3528930904525578,0.39155658906262536,0,0.18846756132932424,1
8,2024-01-03,0.04731359413093509,-0.9346755835141312,0.3528930904525578,0.028672201918084075,0,0.18639832507109308,0
8,2024-01-04,0.18744349304280197,-0.567967196629393,0.3528930904525578,0.11241174013643175,0,0.18801874326010512,0
8,2024-01-05,0.2682685644458347,-0.356454651596508,-0.5847455556774265,0.12081011083380559,0,0.19109198935998772,0
8,2024-01-06,0.5317975449077366,0.3331789531729053,-0.11592623261243433,0.3614644110331117,0,0.18944947090378647,1
8,2024-01-07,0.38480859950020607,-0.051478992624842554,-0.5847455556774265,0.15713578079560528,0,0.19414605996146345,0
8,2024-01-08,0.12363614110014945,-0.7349457735353335,1.290531736582542,0.14246413354219056,0,0.1836310570636894,0
8,2024-01-09,0.6452594034172148,0.630099278028941,0.3528930904525578,0.44128017888671234,0,0.18999223534635373,1
8,2024-01-10,0.6042115980989838,0.5226805573255565,-0.11592623261243433,0.3871172061614776,0,0.19108388604998885,1
8,2024-01-11,-2.541600605257797,0.49294320657119184,-0.5847455556774265,-2.002017558185699,0,0.17641820096265334,2
9,2024-01-01,-0.8279347470213773,1.067781228223691,-1.0535648787424186,-1.2476779071083777,0,0.23660915934359278,2
9,2024-01-02,-0.15466876701292354,-1.4632467621804335,-1.0535648787424186,-0.8526050142940957,0,0.23999640163072322,0
9,2024-01-03,0.3885945703477948,-0.04157141920123494,1.290531736582542,-0.3865064813246101,0,0.2299921866499236,0
9,2024-01-04,0.1925052274061503,-0.5547210553159695,0.3528930904525578,-0.5169441243123788,0,0.2301029276126912,0
9,2024-01-05,0.42202888309561093,0.04592341944174832,-0.11592623261243433,-0.396483823074657,0,0.23248551026864575,0
9,2024-01-06,-0.08192321669490403,-1.2728776573904463,-0.11592623261243433,-0.7617673644931514,0,0.23582346473108418,0
9,2024-01-07,-0.017307351422646743,-1.103783267790881,0.3528930904525578,-0.7098349045449835,0,0.23488886853515423,0
9,2024-01-08,0.25237203190100466,-0.3980545660461837,-0.5847455556774265,-0.5595678977069737,0,0.23687322836036712,0
9,2024-01-09,0.8043907374217,1.046532853224075,1.290531736582542,-0.08273549174889497,0,0.22787313022091812,1
9,2024-01-10,0.1615236431005011,-0.6357973059382839,0.3528930904525578,-0.5883330158604076,0,0.2343574497711803,0
9,2024-01-11,-2.697103356012839,-0.727870409830237,-0.11592623261243433,-2.331609273022846,0,0.2105007486125506,2
10,2024-01-01,-1.6166925973186501,-2.028390122478961,-1.0535648787424186,-1.4141355578827774,0,0.1952046501808899,2
10,2024-01-02,0.9487555068300196,1.4243235468861613,-0.5847455556774265,0.5555959897184742,0,0.1962004416318289,1
10,2024-01-03,0.29655094018544387,-0.2824420071482082,0.3528930904525578,0.20743763310165206,0,0.1876392881721736,0
10,2024-01-04,0.10119738038958488,-0.7936661594612477,-1.0535648787424186,-0.11649220151543402,0,0.197299668553748,0
10,2024-01-05,0.4433753760611282,0.10178543077420847,0.3528930904525578,0.2833374625035799,0,0.18983918237925101,1
10,2024-01-06,0.23390743707091466,-0.44637488767063105,1.290531736582542,0.13379580890598028,0,0.18888455413098243,0
10,2024-01-07,0.22922730502854513,-0.45862240718639224,-0.11592623261243433,0.08940129714872061,0,0.19111860530323402,0
10,2024-01-08,0.8112272438526903,1.0644234266470394,0.3528930904525578,0.588936985114251,0,0.18924842204735584,1
10,2024-01-09,0.7182482377394142,0.8211050369906692,0.3528930904525578,0.4899431139807194,0,0.19046249093839504,1
10,2024-01-10,-0.13908485876488433,-1.4224649597287509,-1.0535648787424186,-0.2702720240999957,0,0.19533780190635194,0
10,2024-01-11,-2.419194087821018,1.453926484985991,-0.11592623261243433,-1.9120620491660603,0,0.17827310091486012,2
11,2024-01-01,-1.5697354585549899,-1.844065684127929,-1.0535648787424186,-1.5340657973549714,0,0.21203994691759653,2
11,2024-01-02,0.7708644521186778,0.9587973299904419,1.290531736582542,0.2652738527609072,0,0.20451400308410225,1
11,2024-01-03,0.669553743647201,0.6936755625003245,0.8217124135175499,0.16327821050040894,0,0.20608712591905567,1
11,2024-01-04,0.3159627897356806,-0.2316427980551254,-0.5847455556774265,-0.20466086759837004,0,0.21318294635930654,0
11,2024-01-05,0.3144302230982899,-0.23565339853193226,0.3528930904525578,-0.15543104344909087,0,0.2098218210377197,0
11,2024-01-06,0.5026170533667245,0.25681601375311397,-0.5847455556774265,-0.04829330089365674,0,0.21164380528800977,1
11,2024-01-07,0.05298091467421087,-0.9198446731194101,-1.0535648787424186,-0.4247224013583041,0,0.21561268563589434,0
11,2024-01-08,0.7167444058150307,0.817169632887628,0.3528930904525578,0.11657380401281434,0,0.21092890283122073,1
11,2024-01-09,0.6262600411027878,0.5803795140080997,0.3528930904525578,5.882258910226066e-06,0,0.21418233737552264,1
11,2024-01-10,0.6591185750133712,0.6663675869269718,-0.5847455556774265,0.04923119024689545,0,0.2125426282792736,1
11,2024-01-11,-2.401438341035511,1.5933224592685842,-1.0535648787424186,-2.0934508326001193,0,0.20621551763637364,2
12,2024-01-01,-1.1733694612752474,-0.2881800029804127,-1.0535648787424186,-0.9478087965264033,0,0.18523684037436355,2
12,2024-01-02,0.6805784051111559,0.722526192185996,-1.0535648787424186,0.49575465768595983,0,0.18869034502486384,1
12,2024-01-03,0.11821084150625821,-0.7491433350685335,0.8217124135175499,0.15909090641404514,0,0.1825259430991096,0
12,2024-01-04,0.5414748512202404,0.3585036655633676,-0.11592623261243433,0.40607920444734497,0,0.1875877071867481,1
12,2024-01-05,0.5677265948764675,0.42720231334545883,-0.11592623261243433,0.43861502080600673,0,0.18702529439726193,1
12,2024-01-06,0.5223553747082421,0.30846957259506047,-0.5847455556774265,0.37200112337866276,0,0.18852833195423033,1
12,2024-01-07,-0.0250989783527022,-1.1241733127771065,0.8217124135175499,0.13630637452964584,0,0.1774912038462694,0
12,2024-01-08,0.0628718783172834,-0.8939608371183009,1.7593510596475341,0.15483707985837955,0,0.18035519789697715,0
12,2024-01-09,0.732879688908669,0.8593943378302744,-1.0535648787424186,0.5194268198913186,0,0.1895829866728875,1
12,2024-01-10,0.050673885342765866,-0.9258819785852639,0.3528930904525578,0.0636281766202339,0,0.18463701722585932,0
12,2024-01-11,-2.376164315891175,1.791742576518364,-1.5223842018074107,-1.9299542382688697,0,0.18512158754522115,2
13,2024-01-01,-0.9369419113335296,0.6398870918453088,-1.5223842018074107,-0.6149669176738045,0,0.17577052671176308,2
13,2024-01-02,0.2379361248123381,-0.435832144156279,0.8217124135175499,0.46420297269422606,0,0.1726691268107648,0
13,2024-01-03,1.0493232308319451,1.6875009853042868,-1.0535648787424186,1.0334508745867672,0,0.17827265736032252,1
13,2024-01-04,0.32220567726803434,-0.21530567632543252,-1.0535648787424186,0.4592102947695802,0,0.17624750879361298,0
13,2024-01-05,0.3919340973760343,-0.03283215242809349,1.290531736582542,0.6796229087233165,0,0.1692214004507838,1
13,2024-01-06,0.7523365905494181,0.9103114445281238,0.8217124135175499,0.906083766229244,0,0.17303984145352977,1
13,2024-01-07,0.21433363759791837,-0.4975979063531913,0.8217124135175499,0.47146909412824295,0,0.17140475703425112,0
13,2024-01-08,0.5762413480900289,0.44948472016879326,2.6969897057775185,0.9659938051387422,0,0.16445488454794568,1
13,2024-01-09,0.7927732172362912,1.0161307611661086,0.8217124135175499,0.9984948350704593,0,0.17076870034125455,1
13,2024-01-10,0.0483023347104785,-0.9320881309733999,1.290531736582542,0.31901406484087597,0,0.1716763939852564,0
13,2024-01-11,-2.5346332361054063,0.5476422976833087,-2.460022847937395,-2.043522046272098,0,0.18284523373510414,2
14,2024-01-01,-1.0275281929440705,0.28430185135161706,-1.9912035248724027,-0.3132546711414794,0,0.15376868506636662,2
14,2024-01-02,0.07720129392439498,-0.8564619384315177,0.3528930904525578,0.9683875230546006,0,0.14685610692039264,0
14,2024-01-03,0.6605371612611594,0.6700799101258217,1.290531736582542,1.7279353846451415,1,0.14227819949468148,1
14,2024-01-04,0.3001532630365485,-0.2730150253832587,-1.0535648787424186,1.0259167054749163,0,0.15264286209769476,1
14,2024-01-05,0.3167877019766257,-0.2294840707631833,0.3528930904525578,1.1833971327769153,0,0.14789264782991618,1
14,2024-01-06,0.39936586705762256,-0.013383824178406967,-0.5847455556774265,1.1953205682974282,0,0.15025673447313448,1
14,2024-01-07,0.2687709258384949,-0.3551400132690296,0.3528930904525578,1.1107187499834406,0,0.14867316744237352,1
14,2024-01-08,0.410629346760017,0.016091773138424092,0.8217124135175499,1.4177180793198763,1,0.14360112611239273,1
14,2024-01-09,0.08152513913268536,-0.8451467921723433,-0.11592623261243433,0.9908057077926654,0,0.14624803308867818,0
14,2024-01-10,-0.15000677011132835,-1.4510467008322065,-0.11592623261243433,0.7338061207149306,0,0.14686893771750031,0
14,2024-01-11,-2.7514464720535354,-1.1545047664447556,-1.5223842018074107,-1.9338628494264787,0,0.1454267005119434,2
15,2024-01-01,-1.2213936776328518,-0.47669312240016654,-1.9912035248724027,-1.358257908820644,0,0.21981286360613045,2
15,2024-01-02,0.637406176378951,0.6095480306405983,0.3528930904525578,0.09069615448418229,0,0.20902270002301593,1
15,2024-01-03,0.7144962518981737,0.8112863995254324,0.3528930904525578,0.13098280881010307,0,0.20995715860208963,1
15,2024-01-04,0.8873268309653652,1.2635697690720429,-0.11592623261243433,0.21600571542449098,0,0.21229060950445566,1
15,2024-01-05,0.0036666256702249907,-1.0488960997702883,0.3528930904525578,-0.36819794686564616,0,0.20901482763292648,0
15,2024-01-06,0.9660233700005664,1.469512120469592,-1.0535648787424186,0.20072355031241046,0,0.21656337928155786,1
15,2024-01-07,0.5890945347634602,0.48312044950237865,1.290531736582542,0.1701016476927322,0,0.2022238919582901,1
15,2024-01-08,-0.1535296599992286,-1.4602658130844548,-0.5847455556774265,-0.5435865943277522,0,0.21360246700208183,0
15,2024-01-09,0.7508431854466435,0.9064033265571791,2.228170382712526,0.297215251886206,0,0.201889642340914,1
15,2024-01-10,0.7878073945546715,1.003135612812522,0.8217124135175499,0.18440303252392592,0,0.20992394719710247,1
15,2024-01-11,-2.61470755151441,-0.08100133788379393,-0.11592623261243433,-2.1639722905069885,0,0.1912152004946462,2
16,2024-01-01,-0.7527231201781706,1.3630151636880554,-0.5847455556774265,-0.12400778253312793,0,0.15764806688917518,1
16,2024-01-02,-0.3550918486301146,-1.9877374349420942,0.3528930904525578,0.2252356525035572,0,0.159087091564134,0
16,2024-01-03,0.20747572595239003,-0.515544495457003,0.8217124135175499,0.8501588779904089,0,0.1556920327366355,0
16,2024-01-04,0.366799411511272,-0.09860755211006639,0.3528930904525578,0.9604666618860749,0,0.15730465910502162,1
16,2024-01-05,0.9197054155233364,1.3483018541235912,1.290531736582542,1.614282213159505,1,0.15344611347442538,1
16,2024-01-06,0.3247254408277915,-0.2087116629314008,-0.11592623261243433,0.842898795226683,0,0.16019842392919958,1
16,2024-01-07,0.008930159925808707,-1.035121864784276,-0.11592623261243433,0.5553281693300418,0,0.15975244026143498,0
16,2024-01-08,0.7354700558101899,0.8661731143460146,3.1658090288425105,1.6084350058038435,1,0.14799858217685152,1
16,2024-01-09,-0.28058920952660926,-1.7927701737333663,0.3528930904525578,0.336212360861182,0,0.15735598074000667,0
16,2024-01-10,0.11307013492834882,-0.7625961401534691,-0.11592623261243433,0.7172696117735734,0,0.1572661747028692,0
16,2024-01-11,-2.6639890371243036,-0.4678980865067387,-1.0535648787424186,-1.9084586436345443,0,0.15206288246633268,2
17,2024-01-01,-1.7583751488129926,-2.584547448413537,-1.5223842018074107,-1.4769802312159996,0,0.19029434383657837,2
17,2024-01-02,0.3949450886605408,-0.02495263659714997,0.3528930904525578,0.3499949475093706,0,0.18443300944473814,1
17,2024-01-03,0.6145093968130985,0.5496290471499263,-1.0535648787424186,0.40279160948664094,0,0.19070088872381674,1
17,2024-01-04,0.7084688946876481,0.7955133028700191,-0.5847455556774265,0.5133826509247144,0,0.18892249005509953,1
17,2024-01-05,0.23157202386233192,-0.452486471401717,0.8217124135175499,0.18374868888013127,0,0.1861120187689844,0
17,2024-01-06,1.0510239292295314,1.6919515727292322,2.228170382712526,0.9295107119071601,0,0.18266584992490173,1
17,2024-01-07,0.7386017543581662,0.8743685111289637,-1.5223842018074107,0.4779508876617281,0,0.19186526369245008,1
17,2024-01-08,0.46245223395579904,0.15170799433635102,-0.11592623261243433,0.3393429637682204,0,0.1877384160602381,1
17,2024-01-09,0.6630661873425711,0.6766981627750094,-1.5223842018074107,0.3917800645680928,0,0.19322877447150238,1
17,2024-01-10,0.5117227340290391,0.2806448289673791,0.8217124135175499,0.46405437939630456,0,0.18355208123684674,1
17,2024-01-11,-2.495248778991538,0.8568399246431656,-1.0535648787424186,-2.0229163841388953,0,0.1845029564178451,2
18,2024-01-01,-1.6680657984113538,-2.2300492671165295,-1.9912035248724027,-0.6850199424966238,0,0.13881465864846404,2
18,2024-01-02,0.003204478440225673,-1.0501055009511338,0.8217124135175499,1.3494562036947855,1,0.13255469245434695,0
18,2024-01-03,1.0973341828130108,1.813141686471493,-0.11592623261243433,2.5644489247220985,1,0.1333309716705463,1
18,2024-01-04,0.48378559056329956,0.20753562890342933,2.6969897057775185,2.2108975889308793,1,0.12509991770159493,1
18,2024-01-05,0.09067427597826452,-0.821204255710942,-0.5847455556774265,1.3296839444274684,1,0.13594670540590417,0
18,2024-01-06,-0.7645174724797503,-3.0591705212216094,1.290531736582542,0.5875179361849973,1,0.12868424173299306,0
18,2024-01-07,1.414043374061513,2.641943516317627,1.290531736582542,3.1908404795251144,1,0.12789021439633988,1
18,2024-01-08,0.16997374311332872,-0.6136840912083739,0.3528930904525578,1.6340658649950284,1,0.1300493806157331,1
18,2024-01-09,0.26937681119118634,-0.3535544612772844,-1.0535648787424186,1.5601340489680886,1,0.13507552982709034,1
18,2024-01-10,0.48049736003653093,0.19893060084346467,0.3528930904525578,1.9549159726418461,1,0.13104606562485457,1
18,2024-01-11,-2.592830233762921,0.09075207015353816,-1.0535648787424186,-1.5439142893807458,0,0.1272925977271795,2
19,2024-01-01,-1.4439587161232923,-1.3503446436907898,-1.0535648787424186,-1.0494858438359735,0,0.17560409017473536,2
19,2024-01-02,0.5246625948829499,0.31450737748198976,0.3528930904525578,0.7509281196782152,0,0.17118037963901553,1
19,2024-01-03,-0.15797991874003575,-1.4719117731310494,0.3528930904525578,0.12708956709935856,0,0.17217136787069592,0
19,2024-01-04,0.0797410085480566,-0.8498157147489033,0.8217124135175499,0.3970990731666682,0,0.16936715912997913,0
19,2024-01-05,0.523932955974007,0.31259797264130906,-0.11592623261243433,0.7343161077523938,0,0.17185007698943056,1
19,2024-01-06,0.7024810589096389,0.7798436305435953,-0.5847455556774265,0.8150245274202537,0,0.17501228167605987,1
19,2024-01-07,0.21983124115658667,-0.48321113130813664,0.8217124135175499,0.5582168859118556,0,0.16781033416789026,0
19,2024-01-08,0.33457108031710686,-0.18294643650212786,-0.11592623261243433,0.53630959796818,0,0.17323028822099115,0
19,2024-01-09,0.1817660807717775,-0.5828245162432201,-0.11592623261243433,0.4035826990934721,0,0.17319268049073258,0
19,2024-01-10,0.3344921756904958,-0.1831529234015482,2.6969897057775185,0.8158524979309257,0,0.1615944602396638,1
19,2024-01-11,-2.7209978353267803,-0.915460054139704,-0.11592623261243433,-1.9712109673307283,0,0.15272556587965008,2
20,2024-01-01,-0.8703318894906822,0.9013564911315055,-1.9912035248724027,-0.9512867411315301,0,0.20465618879775951,2
20,2024-01-02,0.10051019958126631,-0.7954644549547394,-0.5847455556774265,-0.15427905213362156,0,0.19960224884041217,0
20,2024-01-03,0.8437956282023836,1.1496522020979487,-0.5847455556774265,0.4435306864143267,0,0.19780902211145254,1
20,2024-01-04,0.1151908386044155,-0.7570464335587316,-0.11592623261243433,-0.08817028392850523,0,0.19623502065016477,0
20,2024-01-05,0.46856512911812204,0.16770493675604836,-0.5847455556774265,0.11006276160373145,0,0.20045766079159827,1
20,2024-01-06,0.8825742565772517,1.251132673912852,-0.5847455556774265,0.4484447942866457,0,0.1990997290903599,1
20,2024-01-07,0.11122787327532209,-0.7674171869411059,-0.11592623261243433,-0.09450287953874767,0,0.19643263340782782,0
20,2024-01-08,0.7815003662373334,0.9866306399391583,-0.11592623261243433,0.4898414080613516,0,0.19296335386964003,1
20,2024-01-09,0.3457841153044709,-0.15360284884361877,1.290531736582542,0.19485491274674316,0,0.19041035868429432,0
20,2024-01-10,0.30384956282782244,-0.26334211371754157,-0.11592623261243433,0.03260748410463404,0,0.19767323738528153,0
20,2024-01-11,-2.4609329261093045,1.126245194026806,-1.0535648787424186,-2.075210781214265,0,0.19617516796330298,2
21,2024-01-01,-0.8799483259594533,0.8636083595861385,-1.5223842018074107,-0.8761149167012074,0,0.19784049070764118,2
21,2024-01-02,0.6087451994629943,0.5345446181425879,1.290531736582542,0.5167817123849765,0,0.18484880776789497,1
21,2024-01-03,0.7178913991137311,0.8201712197409707,-0.5847455556774265,0.44175059252342264,0,0.19287095005450172,1
21,2024-01-04,0.5745702465749586,0.4451115853441004,-0.11592623261243433,0.28706299695257553,0,0.19511013552941786,1
21,2024-01-05,0.4926361199219621,0.23069673420211215,0.8217124135175499,0.37293673444053577,0,0.18727139208562024,1
21,2024-01-06,0.2904269754944008,-0.29846791761149805,-0.11592623261243433,0.1361882294437355,0,0.19121141108282544,0
21,2024-01-07,0.02280054982373975,-0.998824198515841,-1.5223842018074107,-0.20134560118926506,0,0.19884881264636628,0
21,2024-01-08,1.0243391805716815,1.6221197865741634,1.7593510596475341,0.9254270441389871,0,0.1818948686436821,1
21,2024-01-09,1.1822933082615052,2.0354727099452967,-0.11592623261243433,0.8350534019481203,0,0.19154377117785842,1
21,2024-01-10,0.38811473522079737,-0.04282710814954531,-0.5847455556774265,0.17933317877365487,0,0.19306587021554164,0
21,2024-01-11,-2.396487875064554,1.6321873425940039,-1.5223842018074107,-2.0200691993313855,0,0.19537554133029544,2
22,2024-01-01,-0.8600194015246108,0.9418368867091644,-0.5847455556774265,-0.8197398276720121,0,0.1946210035189991,2
22,2024-01-02,0.1475181725292337,-0.6724484671867568,-0.11592623261243433,-0.022352557447202742,0,0.19382217303054242,0
22,2024-01-03,0.5960002056405009,0.5011920205756549,-0.11592623261243433,0.28630224398336546,0,0.19604394783508122,1
22,2024-01-04,0.6076729323650873,0.5317385835929572,2.228170382712526,0.42491736823766973,0,0.1893078298842863,1
22,2024-01-05,0.06715161625490171,-0.8827611159482998,2.228170382712526,-0.024382875630978365,0,0.19027870450929643,0
22,2024-01-06,0.7086442284126797,0.7959721367660849,-0.11592623261243433,0.385542373721202,0,0.195400380431658,1
22,2024-01-07,0.44200432071230183,0.0981974920173726,-0.5847455556774265,0.12646046307200698,0,0.19835361983762825,1
22,2024-01-08,0.36837450991251336,-0.09448564951547583,-0.11592623261243433,0.07248576029992684,0,0.1982246953900847,0
22,2024-01-09,0.3241228232095261,-0.21028866353168846,-0.5847455556774265,0.05020596691534533,0,0.19755267902579965,0
22,2024-01-10,0.4432019401091929,0.10133156319380104,-0.11592623261243433,0.16644639090544563,0,0.19614774230282983,1
22,2024-01-11,-2.6712361409599485,-0.5247933053956139,-1.0535648787424186,-2.193460900747674,0,0.18868430303784964,2
23,2024-01-01,-1.5748301764943646,-1.8640643690447987,-0.5847455556774265,-1.8093401142873695,0,0.24950015005210047,2
23,2024-01-02,1.139039256992252,1.922280425569546,1.290531736582542,-0.1052330557588221,0,0.24508318147351651,1
23,2024-01-03,0.3546321914099149,-0.13044816350625385,2.228170382712526,-0.5110036434855375,0,0.23827586037822118,0
23,2024-01-04,0.9432360008898124,1.409879455115231,0.3528930904525578,-0.25463702193035204,0,0.2473383041329165,1
23,2024-01-05,0.8702251539998638,1.2188160910794035,-0.5847455556774265,-0.35185222898751944,0,0.251676052870269,1
23,2024-01-06,0.5286651055823557,0.3249816178365876,0.8217124135175499,-0.4713065601484628,0,0.24414878658866096,0
23,2024-01-07,0.34723942093559995,-0.14979443404735154,-0.11592623261243433,-0.6817021276281033,0,0.25311675039632503,0
23,2024-01-08,1.1981261838032924,2.076906039268734,0.8217124135175499,-0.07157126647710063,0,0.24529546933398738,1
23,2024-01-09,-0.06513023343393327,-1.228931805360065,-0.11592623261243433,-0.8945752593071243,0,0.24963131347768158,0
23,2024-01-10,0.4426283213972231,0.09983045033932109,0.3528930904525578,-0.580573716712235,0,0.2490839021748596,0
23,2024-01-11,-2.279472637110471,2.550845019883782,-1.5223842018074107,-2.2446166066993447,0,0.2512462511884981,2
24,2024-01-01,-0.7238561604621904,1.4763288424309298,-1.5223842018074107,-0.6607237884863707,0,0.19077395224971566,2
24,2024-01-02,0.06837316162687238,-0.879564432468613,1.290531736582542,0.16051979551475906,0,0.18030043987111283,0
24,2024-01-03,0.8677872947539692,1.2124364145188944,-0.5847455556774265,0.6522371713960443,0,0.18839405247049432,1
24,2024-01-04,0.8374509767793005,1.133048772660181,-1.0535648787424186,0.5146261578180468,0,0.1939183856553359,1
24,2024-01-05,0.6221304103810888,0.5695726110406175,-0.11592623261243433,0.4767661441454757,0,0.18731324889453882,1
24,2024-01-06,0.24984531164423956,-0.4046667845424673,-1.0535648787424186,0.09735791276492163,0,0.1915833571743227,0
24,2024-01-07,0.3670681069504066,-0.09790439830910203,-1.5223842018074107,0.18581661923940931,0,0.19180961555945517,0
24,2024-01-08,0.38789010014050856,-0.04341495962571769,0.3528930904525578,0.3378131604432659,0,0.18475288622789598,0
24,2024-01-09,0.6288481384464217,0.5871523512780512,-0.11592623261243433,0.4695922008189761,0,0.187931820049,1
24,2024-01-10,0.6188707850625115,0.5610424404509988,1.7593510596475341,0.6216826057910483,0,0.18034901173535497,1
24,2024-01-11,-2.280555136803664,2.5423465826613945,-1.0535648787424186,-1.8326435434720398,0,0.18278389491729952,2
25,2024-01-01,-0.5503109905006112,2.15755893489258,-1.5223842018074107,-1.0954878213958272,0,0.23928314713730403,2
25,2024-01-02,0.41306629181069265,0.022469057325444637,1.7593510596475341,-0.330040695835887,0,0.2269155315462658,0
25,2024-01-03,0.609652605850104,0.5369192258105416,0.8217124135175499,-0.27936680921564644,0,0.23286907854325922,1
25,2024-01-04,0.7909132909739239,1.0112634875528863,0.3528930904525578,-0.19669184271956655,0,0.2354685359883187,1
25,2024-01-05,0.8847194781943356,1.2567465419368784,0.8217124135175499,-0.11944637255033,0,0.23423307058664125,1
25,2024-01-06,-0.0952710551886604,-1.307807849736634,0.8217124135175499,-0.7029664217271604,0,0.22981450052599944,0
25,2024-01-07,0.14151092342891683,-0.6881689425763644,-0.5847455556774265,-0.6662729815283721,0,0.24004118495369542,0
25,2024-01-08,0.7341130246797374,0.8626218758118753,0.8217124135175499,-0.12359666885275568,0,0.2274610459170445,1
25,2024-01-09,0.2794847130238073,-0.32710291592819957,-0.11592623261243433,-0.5518676196029444,0,0.23768918518090343,0
25,2024-01-10,0.7903111293863188,1.0096876803472152,0.8217124135175499,-0.1280530471297617,0,0.23041909902939728,1
25,2024-01-11,-2.903408256873709,-2.34751913551769,-0.5847455556774265,-2.515013247292742,0,0.21936463656714544,2
26,2024-01-01,-0.9135897674976066,0.7315530431826187,-1.0535648787424186,-1.5507920955331158,0,0.26931970969658664,2
26,2024-01-02,1.0332110736482691,1.6453367989604757,-1.5223842018074107,-0.5106174128706374,0,0.27446353237219057,1
26,2024-01-03,0.37982291228141757,-0.06452612483367717,-0.11592623261243433,-0.7743558042895545,0,0.2641505343807235,0
26,2024-01-04,0.4139157294497855,0.024691965561375585,0.8217124135175499,-0.7090065828869959,0,0.25956331177479847,0
26,2024-01-05,0.12216788305696905,-0.738788083725567,0.3528930904525578,-0.9229104442703391,0,0.2642470793791059,0
26,2024-01-06,0.5919464162166825,0.49058358802898244,-0.11592623261243433,-0.6675547792712754,0,0.2656069015321095,1
26,2024-01-07,0.5914854259508041,0.4893772145278023,1.290531736582542,-0.6023400601416171,0,0.25927030225165243,1
26,2024-01-08,0.6019977256865142,0.5168870358326432,-0.5847455556774265,-0.664104820739746,0,0.26583254155285807,1
26,2024-01-09,0.73241368647337,0.8581748478951513,-0.5847455556774265,-0.6004785692826146,0,0.266862942379581,1
26,2024-01-10,-0.14862144021926957,-1.4474214067731597,-0.11592623261243433,-1.0846102893020049,0,0.2650133468449107,0
26,2024-01-11,-2.4192628070908997,1.4533869870030116,-1.0535648787424186,-2.3346850585837036,0,0.2526948630790333,2
27,2024-01-01,-1.0561302959528107,0.17202783484309,-1.9912035248724027,-0.8266568639613732,0,0.18337480987814467,2
27,2024-01-02,0.23131401227551038,-0.45316166644242967,1.7593510596475341,0.5513026749716504,0,0.16855392255210613,0
27,2024-01-03,0.5367611668670917,0.34616834241784555,-0.5847455556774265,0.6142837649712652,0,0.17754775886148347,1
27,2024-01-04,0.4265989839971142,0.057882996537746506,-0.11592623261243433,0.5388119576115011,0,0.17670422046571665,1
27,2024-01-05,0.3995627452197903,-0.012868610267442513,-0.5847455556774265,0.5082702833746355,0,0.17704241124996764,1
27,2024-01-06,0.7143043442879474,0.810784193138904,-0.11592623261243433,0.836428678212351,0,0.17454470225805072,1
27,2024-01-07,0.6698309043318742,0.6944008691506083,0.3528930904525578,0.853163796780096,0,0.17224619192488339,1
27,2024-01-08,0.9894451770443323,1.5308050575632473,-0.11592623261243433,1.0588128082343382,0,0.17518886171282302,1
27,2024-01-09,0.5574643399184572,0.40034683859900055,1.290531736582542,0.8311674854861649,0,0.16908144958862875,1
27,2024-01-10,0.508067485391749,0.27107934478554574,0.3528930904525578,0.6928247196346266,0,0.17302054904053596,1
27,2024-01-11,-2.7885645499818312,-1.4459096112432557,-2.460022847937395,-2.266426455605929,0,0.18498684465652446,2
28,2024-01-01,-1.2879964870202991,-0.738134210085069,-1.0535648787424186,-0.7868800153061308,0,0.1668138523202674,2
28,2024-01-02,0.6098736474887798,0.5374976735464093,0.8217124135175499,1.0071853282313323,0,0.16406846589810797,1
28,2024-01-03,0.6382303007873638,0.6117046962397875,0.3528930904525578,1.0403695608384127,0,0.16380599555797,1
28,2024-01-04,1.0013953030692537,1.562077551668335,1.290531736582542,1.5244481687260936,1,0.1588145974834303,1
28,2024-01-05,0.8056987712263178,1.0499558697980313,1.290531736582542,1.240880748446519,1,0.16217304473099423,1
28,2024-01-06,-0.22993646680045873,-1.6602161240934936,1.290531736582542,0.32222503869602687,0,0.1600458155525474,0
28,2024-01-07,0.8681048686953041,1.2132674793283913,0.3528930904525578,1.2593804247568037,1,0.16357278119429128,1
28,2024-01-08,0.6468307805969474,0.6342114424937829,1.7593510596475341,1.136230070546079,0,0.1605938558240258,1
28,2024-01-09,0.46721630979894047,0.16417518785465676,-0.5847455556774265,0.7713017385723565,0,0.16822171074159525,1
28,2024-01-10,0.659821390136712,0.6682067961332858,0.3528930904525578,1.0296772484796346,0,0.16495304576449227,1
28,2024-01-11,-2.96488696474174,-2.830173257837934,-1.5223842018074107,-2.2599016416744435,0,0.1593195289674862,2
29,2024-01-01,-1.2241932663682822,-0.48768256159639184,-0.5847455556774265,-1.4725329212876435,0,0.2329880260861264,2
29,2024-01-02,0.576429284409862,0.44997653401593163,0.8217124135175499,-0.27100561806891665,0,0.2306008746549669,1
29,2024-01-03,-0.16896615264778214,-1.500661841071811,-1.0535648787424186,-0.8545381040727515,0,0.23931409422058902,0
29,2024-01-04,0.16011254212117262,-0.6394900408069943,-0.11592623261243433,-0.5730622459848886,0,0.23299023670369146,0
29,2024-01-05,0.7337688770976857,0.8617212699765443,1.7593510596475341,-0.12816201746105352,0,0.22776748076465772,1
29,2024-01-06,-0.06703892342921744,-1.2339266896400722,-0.11592623261243433,-0.7426161903817126,0,0.23495453903481336,0
29,2024-01-07,-0.10125219853413073,-1.3234600085191337,0.3528930904525578,-0.7312227910103534,0,0.2319509255529745,0
29,2024-01-08,0.5319878490487625,0.33367696341279496,-1.0535648787424186,-0.3948091455806234,0,0.2379925987538405,1
29,2024-01-09,0.2668973791377207,-0.3600429304460829,1.290531736582542,-0.44851150367670944,0,0.2285557955401685,0
29,2024-01-10,-0.16690978918927862,-1.4952805075193543,-0.5847455556774265,-0.8395889531843693,0,0.2380114207400078,0
29,2024-01-11,-2.6160702274999856,-0.09169936984694228,-1.5223842018074107,-2.3714426424888817,0,0.23167272941302666,2
30,2024-01-01,-1.2990704412790446,-0.7816036473806764,0.3528930904525578,-0.9206952800527742,0,0.1753232798838416,0
30,2024-01-02,-0.17896137117311048,-1.5268185035003545,0.3528930904525578,-0.13494750752868653,0,0.1852284346317999,0
30,2024-01-03,0.7384608683199398,0.8739998239878635,-0.11592623261243433,0.605084953614536,0,0.1856876466901961,1
30,2024-01-04,0.5936043332575949,0.49492222017231663,-0.5847455556774265,0.5341671627413711,0,0.18343016283089703,1
30,2024-01-05,0.41885190264713607,0.03760952366025216,-0.11592623261243433,0.3684788578593233,0,0.1844895965666965,1
30,2024-01-06,0.5688268870425743,0.4300816871869326,-0.11592623261243433,0.514684298769763,0,0.18338423678232238,1
30,2024-01-07,0.8780807471791204,1.2393735304635565,-1.0535648787424186,0.6580102276927521,0,0.18851159049518348,1
30,2024-01-08,0.1014198261037871,-0.7930840373755376,0.3528930904525578,0.12530902331428823,0,0.18356967030371169,0
30,2024-01-09,-0.24273241407425425,-1.693702062639607,0.3528930904525578,-0.17953846029205484,0,0.18478804593311954,0
30,2024-01-10,0.08615381729453939,-0.8330339232177361,0.8217124135175499,0.19982754378862688,0,0.17906117148137485,0
30,2024-01-11,-2.8789459886729207,-2.1554719211592177,-1.0535648787424186,-2.292005424586802,0,0.17650156297169822,2
31,2024-01-01,-1.1122617497828975,-0.04830924219075869,-1.5223842018074107,-1.2218260240629017,0,0.21347531845692874,2
31,2024-01-02,0.14003514505053197,-0.6920309328635125,-0.11592623261243433,-0.29795013450519325,0,0.21097030793977448,0
31,2024-01-03,0.6264757148252575,0.5809439143500298,-0.11592623261243433,0.03432489866819691,0,0.21201807901268507,1
31,2024-01-04,0.5944246164920833,0.4970688337361848,0.3528930904525578,0.001041811675301036,0,0.21267649698568095,1
31,2024-01-05,0.9902502646371154,1.5329119053861757,1.290531736582542,0.44436538817428767,0,0.20361362221512988,1
31,2024-01-06,0.5104968873279561,0.2774368892642027,-0.11592623261243433,-0.0024700538476564496,0,0.20910070229905725,1
31,2024-01-07,-0.10734097399465058,-1.3393938316687153,0.8217124135175499,-0.3922256300384056,0,0.20502677456945834,0
31,2024-01-08,0.3449201389495975,-0.1558638036995253,-0.5847455556774265,-0.23007661135845134,0,0.21632783144451548,0
31,2024-01-09,0.27751019280885714,-0.3322700724630884,1.290531736582542,-0.09424306577047112,0,0.2041563401095403,0
31,2024-01-10,0.528123197771566,0.32356348979483357,-0.5847455556774265,-0.015095591174923912,0,0.21069397037994278,1
31,2024-01-11,-2.483364200780319,0.9501428072931255,-1.5223842018074107,-2.1817218446560944,0,0.21119321720095363,2
32,2024-01-01,-1.5543939335991046,-1.7838444260743922,-1.5223842018074107,-1.7155991730588571,0,0.23705957243932094,2
32,2024-01-02,0.41400586646243087,0.024927846688547205,-0.11592623261243433,-0.4570419194888698,0,0.23693700871325582,0
32,2024-01-03,-0.16566354086703208,-1.49201917845641,-0.5847455556774265,-0.8461155397546039,0,0.23870802745074154,0
32,2024-01-04,0.15342015689773406,-0.6570034609175897,-0.11592623261243433,-0.5943082582779523,0,0.2344204970161854,0
32,2024-01-05,0.3449816684115803,-0.15570278617275365,-0.11592623261243433,-0.485362141116211,0,0.23563017856418397,0
32,2024-01-06,-0.0770701917132785,-1.2601776913136686,1.290531736582542,-0.6769688625006882,0,0.2286087976130794,0
32,2024-01-07,0.29162940193715703,-0.295321266792546,-0.5847455556774265,-0.544118156871149,0,0.2376879857643181,0
32,2024-01-08,-0.18849090263250703,-1.5517565012893935,1.290531736582542,-0.7408156245194792,0,0.2277369164302842,0
32,2024-01-09,1.2367847915670573,2.1780724270442415,0.8217124135175499,0.07792176927708175,0,0.23629726365227005,1
32,2024-01-10,0.14958257456801347,-0.6670460973327795,1.7593510596475341,-0.48860537762924056,0,0.22554815454349372,0
32,2024-01-11,-2.698898305930893,-0.7419621174693556,-1.0535648787424186,-2.396908003426543,0,0.22468348245676584,2
33,2024-01-01,-0.7643435802288102,1.3174004855238854,-0.5847455556774265,-0.12372124972540537,0,0.15708824651267062,1
33,2024-01-02,1.3333728496683677,2.4308354080618564,-0.11592623261243433,1.8930272851629713,1,0.1572349635435354,1
33,2024-01-03,0.5277622836462511,0.3226190072987642,-1.0535648787424186,1.052028821652252,0,0.15957003130221895,1
33,2024-01-04,0.4042947119702374,-0.0004854435962055438,2.228170382712526,1.2186011266240184,1,0.14965398202583555,1
33,2024-01-05,0.46711449612841965,0.16390874987696974,1.7593510596475341,1.1981676889316255,0,0.15241923928406845,1
33,2024-01-06,0.7728949549785907,0.9641109884894888,1.290531736582542,1.4812469597964357,1,0.15307079417161001,1
33,2024-01-07,0.31231790442003277,-0.24118116227903488,0.3528930904525578,0.9439083354580902,0,0.1559894496204223,1
33,2024-01-08,-0.01185661410231119,-1.089519137825798,0.8217124135175499,0.6330838298449808,0,0.15584073127938022,0
33,2024-01-09,0.7141760374581345,0.8104484247486318,-0.5847455556774265,1.161268495368988,0,0.1619634712555449,1
33,2024-01-10,-0.08915523425027454,-1.2918032508023116,0.3528930904525578,0.5152696718198866,0,0.15756459935593298,0
33,2024-01-11,-2.7077291840052338,-0.8112911559949684,-1.0535648787424186,-1.9523822519610383,0,0.15210394807416724,2
34,2024-01-01,-1.0553315960020289,0.17516303267913855,0.3528930904525578,-0.6681603839264995,0,0.17257003177971147,0
34,2024-01-02,0.5288593576982189,0.32548995960097843,-0.11592623261243433,0.5924017424077173,0,0.17823032345844167,1
34,2024-01-03,0.4919906880376669,0.22900769219914263,-0.11592623261243433,0.5393484498644137,0,0.17922719498698803,1
34,2024-01-04,0.4021183109950562,-0.006180905428552592,0.8217124135175499,0.5258297832997685,0,0.1763395800923689,1
34,2024-01-05,0.36189190911900504,-0.11145008107694197,-1.0535648787424186,0.3961571816026148,0,0.18082158859291692,0
34,2024-01-06,-0.002610412745168262,-1.065322591543968,1.290531736582542,0.21158762514546411,0,0.17469306491127026,0
34,2024-01-07,0.15763267278031393,-0.6459796543208339,1.290531736582542,0.3967592636709548,0,0.1725324141307359,0
34,2024-01-08,0.8133468374296655,1.0699702282040207,-0.11592623261243433,0.8137091533375232,0,0.1791016527827869,1
34,2024-01-09,-0.10607400324841551,-1.3360782737314731,0.3528930904525578,0.011838844326412782,0,0.1804187682950045,0
34,2024-01-10,0.5537751844568087,0.3906926230546132,0.8217124135175499,0.5948990297044541,0,0.17907433853788446,1
34,2024-01-11,-2.5504905777717686,0.4231502322231918,-0.5847455556774265,-1.960576086039683,0,0.17017376997664596,2
35,2024-01-01,-1.2236474187146347,-0.4855399041680913,-1.0535648787424186,-0.9774538043379256,0,0.18434199375187466,2
35,2024-01-02,0.0512949414751237,-0.9242567259144864,1.290531736582542,0.14302655837492206,0,0.18046334870780514,0
35,2024-01-03,0.5739532980164107,0.4434970818551762,-0.11592623261243433,0.4508970560877326,0,0.18666867276813706,1
35,2024-01-04,0.5887888836955582,0.4823205858692056,-0.11592623261243433,0.4270218931942399,0,0.188444729500118,1
35,2024-01-05,0.3230909820636771,-0.2129889066993097,0.3528930904525578,0.28532297192251,0,0.18472196396654242,0
35,2024-01-06,0.4052702252656979,0.0020673942331221632,1.290531736582542,0.4423946377567598,0,0.18034825030539775,1
35,2024-01-07,-0.31955777079895187,-1.89474768427441,0.3528930904525578,-0.18480023946698082,0,0.18141739423744618,0
35,2024-01-08,0.7029349325874871,0.781031380520902,-1.0535648787424186,0.4991121032038914,0,0.18940564659924702,1
35,2024-01-09,0.7282971656510091,0.8474022524528705,-0.5847455556774265,0.6017910708412244,0,0.18545286999300423,1
35,2024-01-10,0.5690035906195611,0.4305441058725729,-0.11592623261243433,0.4926809867371003,0,0.18444211171508432,1
35,2024-01-11,-2.2926882825879282,2.447092257504492,-1.5223842018074107,-1.854168187750602,0,0.18418902574249374,2
36,2024-01-01,-1.3411844264655488,-0.9469168855934298,-2.460022847937395,-1.3687643776269263,0,0.2118125436625394,2
36,2024-01-02,0.9613329508157467,1.4572376803505678,0.3528930904525578,0.5208062744268547,0,0.1984575524249295,1
36,2024-01-03,0.10619969943905874,-0.7805755031233796,-0.11592623261243433,-0.19970255886124472,0,0.20275677902617562,0
36,2024-01-04,0.7421809768496501,0.8837350411582133,1.290531736582542,0.4197239310539925,0,0.1949750905802011,1
36,2024-01-05,0.02306337744130811,-0.998136400319915,-0.11592623261243433,-0.24107822254387423,0,0.20140547478189708,0
36,2024-01-06,0.20168538865617788,-0.5306973305471612,-1.0535648787424186,-0.14770181211574968,0,0.20397964565925858,0
36,2024-01-07,1.1184744847431658,1.8684641128720116,-0.11592623261243433,0.5528717438723353,0,0.20292606540406813,1
36,2024-01-08,-0.31123739065683875,-1.87297393574626,-1.0535648787424186,-0.5541168103506352,0,0.20585886395317185,0
36,2024-01-09,0.2216598656134534,-0.47842577193799174,0.8217124135175499,-0.012600795951877792,0,0.1966216422289977,0
36,2024-01-10,0.42751898251492326,0.0602905567730817,-0.5847455556774265,0.021713485182826075,0,0.20387040157183817,0
36,2024-01-11,-2.892428348284682,-2.2613185902074493,-1.9912035248724027,-2.439639944827004,0,0.20297271823110552,2
37,2024-01-01,-0.65539148615246,1.7450784505052985,-1.9912035248724027,-1.2711497132202094,0,0.2518686975014039,2
37,2024-01-02,0.4460332557358678,0.10874088264869176,0.3528930904525578,-0.4678762785952303,0,0.23951277594891215,0
37,2024-01-03,0.5987875750617292,0.5084863364357772,0.3528930904525578,-0.37151483522227197,0,0.23952820153713122,1
37,2024-01-04,-0.45443257578190704,-2.2477039238118426,-0.5847455556774265,-1.1269195634611358,0,0.2492094104885839,0
37,2024-01-05,0.2351743885083251,-0.4430593802629926,1.7593510596475341,-0.53607260208857,0,0.23396698813496647,0
37,2024-01-06,0.13615406644088923,-0.7021873954554846,-0.11592623261243433,-0.7162822392085013,0,0.24429616909982163,0
37,2024-01-07,0.2724191773396845,-0.34559284001521234,2.6969897057775185,-0.5179026245791261,0,0.23445739493651752,0
37,2024-01-08,-0.18561509804462442,-1.544230757892679,0.8217124135175499,-0.8603423492938033,0,0.23885906225729195,0
37,2024-01-09,0.5956114251537034,0.5001746141101334,0.8217124135175499,-0.3797272033587031,0,0.24002909739535003,1
37,2024-01-10,0.5975807144370587,0.5053280817285082,-0.11592623261243433,-0.40357533091143494,0,0.24207520128005997,1
37,2024-01-11,-2.642095518994899,-0.29601749331123456,-1.5223842018074107,-2.4090815477084773,0,0.23676948048460092,2
38,2024-01-01,-1.133611754104254,-0.13211604258234735,-1.9912035248724027,-0.5566941528857882,0,0.16142873466460744,2
38,2024-01-02,1.0706618647628219,1.7433424301913414,-0.5847455556774265,1.5891478035729452,1,0.15885736781317866,1
38,2024-01-03,0.26427700189394976,-0.3669002415520999,-0.5847455556774265,0.8555177444697709,0,0.157539746760829,0
38,2024-01-04,0.22085516484629902,-0.4805316074701608,-1.0535648787424186,0.8266645864377864,0,0.15705379107169995,0
38,2024-01-05,0.5900093122434225,0.4855143467123265,-1.5223842018074107,1.0756552520602276,0,0.16084838217840342,1
38,2024-01-06,0.6899389552468355,0.7470219797892433,-0.5847455556774265,1.2939299202895227,1,0.1565429942616866,1
38,2024-01-07,-0.10234809911202325,-1.3263278899364848,-0.11592623261243433,0.5587232361487561,0,0.15530017282844072,0
38,2024-01-08,1.0137746016696003,1.59447315500316,0.3528930904525578,1.683820388120514,1,0.15415593130900235,1
38,2024-01-09,0.3180372113182041,-0.22621420788162502,-0.5847455556774265,0.8814504032505764,0,0.15849837028461256,1
38,2024-01-10,0.8694659166532376,1.2168292295687206,0.3528930904525578,1.5211863730839115,1,0.15481818144533568,1
38,2024-01-11,-2.4833790221850354,0.9500264481123071,-0.5847455556774265,-1.6640836444999814,0,0.14622892818528568,2
39,2024-01-01,-1.2237966094501054,-0.4861255339412609,-1.9912035248724027,-0.6322828119376009,0,0.16089421202404902,2
39,2024-01-02,0.9147761480104878,1.3354023676314377,-1.0535648787424186,1.4436244723437501,1,0.15875668865369869,1
39,2024-01-03,0.6895570869425339,0.7460226619351661,0.8217124135175499,1.3892397646600303,1,0.153380534034737,1
39,2024-01-04,0.7085280412412576,0.7956680845221324,1.290531736582542,1.4921034436300684,1,0.15071361981336756,1
39,2024-01-05,0.4922400714565206,0.2296603080359758,-0.5847455556774265,1.103195252306675,0,0.15652687337507012,1
39,2024-01-06,-0.04461418923800927,-1.1752430099583473,0.3528930904525578,0.6285016447568565,0,0.15477288716498755,0
39,2024-01-07,1.160846785043833,1.979348927693904,-0.5847455556774265,1.7159383847455918,1,0.1575757990365809,1
39,2024-01-08,0.7115563920127606,0.8035930286986596,-0.11592623261243433,1.3475777286238577,1,0.15545118420730097,1
39,2024-01-09,0.4947158262682691,0.236139154166517,0.8217124135175499,1.2119878931040797,1,0.1528737652739317,1
39,2024-01-10,0.47002767126106504,0.17153228890683148,1.290531736582542,1.2796990825020385,1,0.14982859223431444,1
39,2024-01-11,-2.5932283174941544,0.08762681328703469,-1.9912035248724027,-1.902164572104921,0,0.15881524163511115,2
40,2024-01-01,-1.6625529989067218,-2.208409454743218,-1.0535648787424186,-0.7952358195133907,0,0.14513762125721705,2
40,2024-01-02,0.05401411715989265,-0.9171408674377401,-1.0535648787424186,1.0142207182950629,0,0.14450781376769858,0
40,2024-01-03,0.5747017259130326,0.445455655926811,0.3528930904525578,1.6325819337181264,1,0.14239306420499792,1
40,2024-01-04,0.6725543721752627,0.7015279598524278,0.3528930904525578,1.7437102116840462,1,0.1421946908266592,1
40,2024-01-05,0.3283475083274865,-0.19923301104971905,-1.0535648787424186,1.294711087165352,1,0.14472296964197692,1
40,2024-01-06,0.21063825390712282,-0.5072684206595214,-0.11592623261243433,1.2470321099492698,1,0.14234594414776117,0
40,2024-01-07,0.08143514287739212,-0.8453823049491351,0.8217124135175499,1.208060831650934,1,0.13926956322880793,0
40,2024-01-08,1.0280174580205725,1.6317455352564292,1.7593510596475341,2.3333186193795634,1,0.1369087948750679,1
40,2024-01-09,0.32567468430063545,-0.20622757106099823,0.3528930904525578,1.4781484572463484,1,0.1391370854977884,1
40,2024-01-10,0.6546847824835119,0.6547647175962167,-0.5847455556774265,1.6907275510839703,1,0.14315318493734605,1
40,2024-01-11,-2.4975031805784362,0.8391411756450914,-0.11592623261243433,-1.4519462201543918,0,0.12873053406851795,2
41,2024-01-01,-1.14580643130979,-0.17998473914190155,0.3528930904525578,-1.3120256858941595,0,0.22044229530499715,2
41,2024-01-02,0.42830360661735056,0.06234385332968163,-0.11592623261243433,-0.32304190987047793,0,0.22715319550370983,0
41,2024-01-03,0.6612457898667707,0.671934332735714,-0.5847455556774265,-0.20999862675933564,0,0.2302094794404715,1
41,2024-01-04,-0.026184053422030902,-1.1270128647314874,0.3528930904525578,-0.6393199563688147,0,0.22827523728833082,0
41,2024-01-05,0.06336756597297993,-0.892663663409974,0.3528930904525578,-0.5836674834418353,0,0.22858402827206534,0
41,2024-01-06,0.37491082399085784,-0.07738065471811921,-0.5847455556774265,-0.4233721071044855,0,0.23218377575827187,0
41,2024-01-07,0.3653393440362904,-0.10242842825891668,-0.5847455556774265,-0.43232744623867214,0,0.2324000137419123,0
41,2024-01-08,-0.3470514232317991,-1.9666963048864905,-1.0535648787424186,-0.924781447308342,0,0.23512342428954772,0
41,2024-01-09,0.8527173235637844,1.1729995429556932,0.3528930904525578,-0.049432552182258505,0,0.2277904567354167,1
41,2024-01-10,0.27786272882814816,-0.33134751477941954,-0.5847455556774265,-0.4816690392739512,0,0.2317800939267225,0
41,2024-01-11,-2.6396002385808504,-0.2764276642476421,-0.11592623261243433,-2.3030640124113444,0,0.21308414515873705,2
42,2024-01-01,-1.0257241996573176,0.2913832037960984,-2.460022847937395,-0.47765960075455677,0,0.1626746339633462,2
42,2024-01-02,-0.0452850333312402,-1.1769985536159788,1.7593510596475341,0.8392483252423045,0,0.14695679583459614,0
42,2024-01-03,0.5688274191478666,0.43008307966258835,-0.5847455556774265,1.1624726698527652,0,0.15704050387704568,1
42,2024-01-04,0.40061415349908414,-0.010117161525588855,-0.5847455556774265,1.0080112298556043,0,0.15676280830514083,1
42,2024-01-05,0.6090967180078019,0.5354645131794571,0.3528930904525578,1.3634354742981551,1,0.15163477547351917,1
42,2024-01-06,0.13116096690033677,-0.7152539250989723,1.7593510596475341,0.9431944630485937,0,0.14962265344701145,0
42,2024-01-07,0.22732853037219403,-0.4635913438422766,0.8217124135175499,1.0499169740475662,0,0.1493021588467311,0
42,2024-01-08,1.0196797524623622,1.609926447543435,0.3528930904525578,1.6916378504916072,1,0.1540941836150699,1
42,2024-01-09,0.2938166998079921,-0.28959728868310225,0.3528930904525578,0.9741853547567375,0,0.15424826814419673,1
42,2024-01-10,0.14868582737998903,-0.6693928107559498,1.290531736582542,0.9001663512406953,0,0.15176320452965647,0
42,2024-01-11,-2.4912309548294513,0.888382867913074,-0.5847455556774265,-1.6107764109640361,0,0.14105435474047506,2
43,2024-01-01,-0.7869926940228331,1.2284941916322556,-1.0535648787424186,-1.3513622230512532,0,0.25200887220572066,2
43,2024-01-02,0.33444916784956147,-0.18326547137378632,-0.11592623261243433,-0.6563171584637867,0,0.25000900368560713,0
43,2024-01-03,0.529648509582656,0.3275551049896224,2.228170382712526,-0.4157294361413893,0,0.23957036270367982,1
43,2024-01-04,0.299201326921174,-0.2755061636770607,-0.5847455556774265,-0.7358420460275295,0,0.25557978595444747,0
43,2024-01-05,-0.28431473430845083,-1.8025195647887882,-0.5847455556774265,-1.082353119820116,0,0.2556777731375214,0
43,2024-01-06,0.17741411089548326,-0.5942132624387124,-0.5847455556774265,-0.7502965880553496,0,0.24990191920419288,0
43,2024-01-07,0.06594082835989892,-0.8859296479980889,-0.5847455556774265,-0.8874132052749412,0,0.2569722978942268,0
43,2024-01-08,0.26421437829471917,-0.36706412234579683,-0.5847455556774265,-0.7693125997271963,0,0.256843624537115,0
43,2024-01-09,0.5428162798953903,0.36201407375894135,0.8217124135175499,-0.4853262650230175,0,0.2460936017069106,1
43,2024-01-10,0.47858932363347056,0.19393742696039706,-0.11592623261243433,-0.5474211652621531,0,0.24807887054735386,0
43,2024-01-11,-2.5420518808442134,0.48940035361218764,-1.5223842018074107,-2.385883235125765,0,0.2468139974982565,2
44,2024-01-01,-1.0682563816685475,0.1244283856901228,-1.9912035248724027,-0.6364821002603427,0,0.1698311980448147,2
44,2024-01-02,0.33309542800117886,-0.18680809689422628,0.8217124135175499,0.8533615766876502,0,0.16010105490141469,1
44,2024-01-03,0.43623105449744926,0.08308933053902735,0.8217124135175499,1.027169505586164,0,0.15730893137933932,1
44,2024-01-04,0.5668434450051614,0.4248911829785758,2.228170382712526,1.213283647216669,1,0.15522485078551823,1
44,2024-01-05,0.6478484456953852,0.6368745881146298,0.3528930904525578,1.1124304877411173,0,0.16148549627895115,1
44,2024-01-06,0.07527424725654612,-0.8615048606094873,1.7593510596475341,0.700620850507061,0,0.1564993657920841,0
44,2024-01-07,0.4637304809903172,0.15505306138990754,0.8217124135175499,1.0076036227007212,0,0.15897181691985598,1
44,2024-01-08,0.644688663464756,0.6286056986506485,-0.11592623261243433,1.0715022148009723,0,0.16287308796662664,1
44,2024-01-09,-0.11712084120759944,-1.3649869374759418,-0.11592623261243433,0.3409282365187176,0,0.16386537895667191,0
44,2024-01-10,0.6030536413536817,0.5196502800367747,-0.5847455556774265,0.9543088403999291,0,0.16584537281451514,1
44,2024-01-11,-2.615940870350349,-0.0906838188750813,-1.5223842018074107,-1.971905101381085,0,0.16436965629242947,2
45,2024-01-01,-1.3663107769346183,-1.0455472655519022,-1.0535648787424186,-1.0492111332653602,0,0.18069917390293241,2
45,2024-01-02,0.4945628548947058,0.23573884069969267,0.3528930904525578,0.5290859984111276,0,0.1798021986023619,1
45,2024-01-03,0.28095195722660526,-0.3232632588746207,1.290531736582542,0.45096635563457427,0,0.17498562467779866,0
45,2024-01-04,0.42742015373321424,0.06003193000320953,-1.5223842018074107,0.39785214696138127,0,0.1833888854349278,1
45,2024-01-05,0.88758891685059,1.26425562621561,-0.11592623261243433,0.8944087048598608,0,0.17834391549813,1
45,2024-01-06,-0.11950265174627556,-1.3712199391928137,-1.0535648787424186,-0.039417880966894824,0,0.18260008349683024,0
45,2024-01-07,0.5971134180401687,0.5041052056026334,-1.0535648787424186,0.565803677906477,0,0.1820828014001866,1
45,2024-01-08,-0.06623861486635173,-1.2318323481442368,-0.11592623261243433,0.054783779287610614,0,0.17991392164749143,0
45,2024-01-09,0.23647082613764486,-0.43966670992328355,0.3528930904525578,0.3181150945246289,0,0.1794911812983698,0
45,2024-01-10,0.8469588192410619,1.1579300121314218,-1.0535648787424186,0.7541243199395229,0,0.18294465647838287,1
45,2024-01-11,-2.5891733242220654,0.11946156204193252,-1.9912035248724027,-2.0854575604262156,0,0.18237816055831124,2
46,2024-01-01,-1.4145090560854008,-1.2347436469300164,-1.0535648787424186,-0.9803739595688955,0,0.17235973289674716,2
46,2024-01-02,0.49172092223714786,0.22830173735072623,-0.11592623261243433,0.7668438505877421,0,0.16930580494059824,1
46,2024-01-03,0.5481233634629071,0.3759022737021276,1.7593510596475341,0.9266481154142138,0,0.16497289942517301,1
46,2024-01-04,0.958458798847898,1.4497162617241695,-1.0535648787424186,1.0178509058003842,0,0.17575819288732714,1
46,2024-01-05,0.2781386079754331,-0.33062556180677183,0.3528930904525578,0.5908193912330527,0,0.1686626512609128,0
46,2024-01-06,0.343141265383276,-0.16051896909279864,-0.5847455556774265,0.5538505491153038,0,0.1727839215729786,0
46,2024-01-07,0.46819713334101004,0.16674192216135206,0.3528930904525578,0.6588215738599029,0,0.17298240712226085,1
46,2024-01-08,0.2537419918734148,-0.3944694937990736,0.3528930904525578,0.5340883342391876,0,0.17017642798471644,0
46,2024-01-09,-0.1436681803707855,-1.4344591343176512,0.8217124135175499,0.24422559462673077,0,0.16715881076449604,0
46,2024-01-10,0.5169377874401149,0.29429219358223896,-0.5847455556774265,0.7122567569386159,0,0.172523094292682,1
46,2024-01-11,-2.889591521658685,-2.2390473663508184,-0.5847455556774265,-2.1800786540223838,0,0.15818974178835798,2
47,2024-01-01,-1.4103511905080337,-1.2184224600462756,-1.0535648787424186,-0.7308447196463569,0,0.15616011711409086,2
47,2024-01-02,0.3888966506037623,-0.040780900088359266,-0.5847455556774265,0.9975288960727572,0,0.15673272634447635,1
47,2024-01-03,0.46657504751743567,0.16249705735826508,1.290531736582542,1.221758570855064,1,0.15161432897810015,1
47,2024-01-04,0.9829071034622977,1.5136954582898614,0.8217124135175499,1.7158296886503985,1,0.15225824550700454,1
47,2024-01-05,0.310193514340513,-0.24674051588753673,1.290531736582542,1.0750138272325942,0,0.15129179609886684,1
47,2024-01-06,0.5439482102644063,0.3649762421677593,-0.11592623261243433,1.1348190038077453,0,0.15716908062991206,1
47,2024-01-07,0.21449169052194583,-0.4971842948879519,0.3528930904525578,0.9541326685515402,0,0.15217527675553502,0
47,2024-01-08,0.5480137385968951,0.3756153944701452,0.8217124135175499,1.3320791518695967,1,0.1506745839094291,1
47,2024-01-09,0.48401662150540126,0.20814021782240044,0.8217124135175499,1.1897932935016475,0,0.15326462229418109,1
47,2024-01-10,0.9898490170855764,1.5318618736405711,1.290531736582542,1.7274929399299825,1,0.15211539533862392,1
47,2024-01-11,-2.6221425994066796,-0.13937205905372427,-1.0535648787424186,-1.865976547628248,0,0.15197863982973095,2
48,2024-01-01,-1.0857340611684463,0.05582191727405103,-0.5847455556774265,-0.5342826635083805,0,0.16271948787761417,2
48,2024-01-02,-0.11859740630581217,-1.3688509865439897,1.7593510596475341,0.44751990786915563,0,0.15920322875167006,0
48,2024-01-03,0.7959788392833834,1.0245196096486906,-0.11592623261243433,1.131764830213297,0,0.1657955737294349,1
48,2024-01-04,0.6128199978233189,0.545208029343183,1.290531736582542,1.0712850354506407,0,0.16178910119331869,1
48,2024-01-05,0.6548897027262468,0.6553009769686785,0.3528930904525578,1.036128448553015,0,0.16453991720521863,1
48,2024-01-06,0.29872422685337496,-0.2767546952010524,1.7593510596475341,0.78751811565514,0,0.1613921878649219,0
48,2024-01-07,0.005873196481080096,-1.0431216859665309,0.3528930904525578,0.448695466267193,0,0.16411854634396256,0
48,2024-01-08,-0.06249407718944137,-1.2220332019106914,-0.11592623261243433,0.31807476324678946,0,0.16714367401070504,0
48,2024-01-09,0.2264482468162755,-0.4658949732982174,2.228170382712526,0.7982848567086758,0,0.15833331664530154,0
48,2024-01-10,-0.026059408552044708,-1.1266866793880204,0.3528930904525578,0.417309906914684,0,0.16420266188724886,0
48,2024-01-11,-2.873608374238558,-2.113567631049028,-1.0535648787424186,-2.173964922636212,0,0.15942814257009266,2
49,2024-01-01,-1.7005740253488446,-2.3576562898143893,-1.5223842018074107,-1.2065752960462077,0,0.17034146350871177,2
49,2024-01-02,-0.009602002936670396,-1.0836190063761575,-1.0535648787424186,0.26729751123866685,0,0.17170746333920495,0
49,2024-01-03,0.5609582678284392,0.4094901597439543,0.8217124135175499,0.9732962497997246,0,0.16364134787932533,1
49,2024-01-04,0.7558216724693256,0.9194316164467081,1.290531736582542,1.2734947822415568,1,0.15939405244204738,1
49,2024-01-05,-0.13312257806919517,-1.4068621629448523,0.8217124135175499,0.3699171291204953,0,0.16193556291455408,0
49,2024-01-06,0.37723115651716166,-0.07130853588863274,1.7593510596475341,0.9030358322236195,0,0.1598019620349707,1
49,2024-01-07,0.389915247586711,-0.03811531580261205,-0.11592623261243433,0.7446839119654156,0,0.16645589195287053,1
49,2024-01-08,0.5926734671253194,0.4924862202863317,0.3528930904525578,0.982842025974553,0,0.1643895020530533,1
49,2024-01-09,0.0005290480634005058,-1.0571068815653122,-0.11592623261243433,0.3960759437315422,0,0.16620959655615536,0
49,2024-01-10,0.466854351348876,0.1632279724468591,0.3528930904525578,0.8330165227186035,0,0.1657248839977528,1
49,2024-01-11,-2.7249318332312455,-0.9463448982041734,-0.5847455556774265,-2.017158837968866,0,0.15755490437381534,2
50,2024-01-01,-0.9132886939803271,0.732734870023777,-0.5847455556774265,-1.503653925535187,0,0.2624570569793747,2
50,2024-01-02,0.5618934631955859,0.4119374888804996,0.3528930904525578,-0.6939395261634688,0,0.2665334882346084,0
50,2024-01-03,0.024487861442012433,-0.99440864318815,0.3528930904525578,-0.9975790659559252,0,0.2663510987169611,0
50,2024-01-04,0.5373357422636408,0.3476719588369577,-0.5847455556774265,-0.7438316201625277,0,0.2702137724674168,0
50,2024-01-05,0.4635405122086529,0.15455592875780416,1.7593510596475341,-0.6670205087316761,0,0.25830009849846614,0
50,2024-01-06,0.5607539799193937,0.40895555513659826,-0.11592623261243433,-0.7142463040235227,0,0.268523837046423,0
50,2024-01-07,0.13447231810595464,-0.7065883921295625,-0.11592623261243433,-0.9602115289158206,0,0.2691574046152705,0
50,2024-01-08,0.18257699222472526,-0.5807024278586121,-0.11592623261243433,-0.9261274653818963,0,0.26837611210286005,0
50,2024-01-09,0.11211255001849857,-0.7651020608764773,-0.11592623261243433,-0.9486817128352123,0,0.266451907417518,0
50,2024-01-10,-0.04389952708965285,-1.1733727980647617,-1.0535648787424186,-1.0875539101997609,0,0.27237564986287915,0
50,2024-01-11,-2.6803083701144748,-0.5960171315284778,0.3528930904525578,-2.426772030649532,0,0.23503438912478752,2
